<?xml version="1.0" encoding="UTF-8" standalone="yes"?>
<addon id="plugin.video.kids_new"
	   name="הכל לילדים"
	   version="1.5.4"
	   provider-name="Kid one">
  <requires>
	<import addon="script.module.requests"/>
	<import addon="script.module.resolveurl" version="5.0.00"/>
  </requires>
  <extension point="xbmc.python.pluginsource"
            library="default.py">
        <provides>video</provides>
  </extension>
  <extension point="xbmc.service" library="service.py" start="startup" />
  <extension point="xbmc.addon.metadata">
    <summary lang="he">הכל לילדים</summary>
    <description lang="he">הכל לילדים</description>
    <platform>all</platform>
	<assets>
            <icon>icon.png</icon>
            <fanart>fanart.jpg</fanart>
    </assets>
  </extension>
</addon>