<?xml version="1.0" encoding="UTF-8" standalone="yes"?>
<addon id="repository.autowidget" name="AutoWidget Repository" version="1.0" provider-name="drinfernoo">
    <extension point="xbmc.addon.repository" name="AutoWidget Repository">
        <dir>
            <info compressed="false">https://raw.githubusercontent.com/drinfernoo/plugin.program.autowidget/repo/zips/addons.xml</info>
            <checksum>https://raw.githubusercontent.com/drinfernoo/plugin.program.autowidget/repo/zips/addons.xml.md5</checksum>
            <datadir zip="true">https://raw.githubusercontent.com/drinfernoo/plugin.program.autowidget/repo/zips/</datadir>
        </dir>
    </extension>
    <extension point="xbmc.addon.metadata">
        <summary>AutoWidget</summary>
        <description>The official home of AutoWidget.</description>
        <platform>all</platform>
        <assets>
            <icon>icon.png</icon>
        </assets>
    </extension>
</addon>