<?xml version="1.0" encoding="UTF-8" standalone="yes"?>
<addon id="repository.arxtic-ape" name="arxtic-ape repository" version="1.0.0" provider-name="arxtic-ape">
	<extension point="xbmc.addon.repository" name="Arxtic Ape Addon Repository">
		<dir>
			<info compressed="false">https://raw.githubusercontent.com/arxtic-ape/repo.arxtic-ape/master/addons.xml</info>
			<checksum>https://raw.githubusercontent.com/arxtic-ape/repo.arxtic-ape/master/addons.xml.md5</checksum>
			<datadir zip="false">https://raw.github.com/arxtic-ape/repo.arxtic-ape/master/</datadir>
		</dir>
		<dir>
		    <info compressed="false">https://raw.githubusercontent.com/Gujal00/smrzips/master/addons.xml</info>
		    <checksum>https://raw.githubusercontent.com/Gujal00/smrzips/master/addons.xml.md5</checksum>
		    <datadir zip="true">https://raw.githubusercontent.com/Gujal00/smrzips/master/zips/</datadir>
		</dir>
	</extension>
	<extension point="xbmc.addon.metadata">
		<summary>Install Arxtic Ape Addons</summary>
		<description>Install Arxtic Ape Addons</description>
		<platform>all</platform>
	</extension>
</addon>