<?xml version="1.0" encoding="UTF-8" standalone="yes"?>
<addon id="plugin.audio.mp3streams" name="MP3 Streams" version="2021.0.3" provider-name="Slam, Diggz">
    <requires>
        <import addon="xbmc.python" version="3.0.0"/>
        <import addon="script.module.t0mm0.common" version="3.0.0"/>
        <import addon="script.module.mutagen"/>
        <import addon="script.module.requests"/>
    </requires>
    <extension point="xbmc.python.pluginsource" library="default.py">
        <provides>audio</provides>
    </extension>
    <extension point="xbmc.service" library="playerMP3.py" start="startup" />
    <extension point="xbmc.addon.metadata">
        <platform>all</platform>
        <summary>A music streaming Collection.</summary>
        <description>Diggz MP3 Streams Kodi 19 conversion by Slam</description>
        <news>2021.0.3 - Bugfixes. Enjoy!</news>
        <assets>
            <icon>icon.png</icon>
            <fanart>fanart.jpg</fanart>
        </assets>
    </extension>
</addon>
