﻿<?xml version="1.0" encoding="UTF-8" standalone="yes"?>
<addon id="repository.Rockcrusher" name="[COLOR red]Rocks Repository[/COLOR]" version="2.8" provider-name="Rock">
	<extension point="xbmc.addon.repository" name="[COLOR red]Rocks Repository[/COLOR]">
	<dir minversion="18.0" maxversion="18.9.0">
        <info compressed="false">https://Rockodi.com/Kodi-18/addons.xml</info>
        <checksum>https://Rockodi.com/Kodi-18/addons.xml.md5</checksum>
        <datadir zip="true">https://Rockodi.com/Kodi-18/</datadir>
    </dir>
    <dir minversion="18.9.0">
        <info compressed="false">https://Rockodi.com/Kodi-19/addons.xml</info>
        <checksum>https://Rockodi.com/Kodi-19/addons.xml.md5</checksum>
        <datadir zip="true">https://Rockodi.com/Kodi-19/</datadir>
    </dir>
    <dir>
        <info compressed="false">https://raw.githubusercontent.com/Gujal00/smrzips/master/addons.xml</info>
        <checksum>https://raw.githubusercontent.com/Gujal00/smrzips/master/addons.xml.md5</checksum>
        <datadir zip="true">https://raw.githubusercontent.com/Gujal00/smrzips/master/zips/</datadir>
    </dir>	
        </extension>
        <extension point="xbmc.addon.metadata">
            <summary>Rocks Addons</summary>
            <description>Rocks Repository</description>
            <disclaimer lang="en">Author does not host or distribute any of the content displayed by this addon. Author does not have any affiliation with the content provider.
            </disclaimer>
            <platform>all</platform>
            <assets>
            <icon>icon.png</icon>
            <fanart>fanart.jpg</fanart>
        </assets>
    </extension>
</addon>