<?xml version="1.0" encoding="UTF-8" standalone="yes"?>
<addon id="plugin.video.Cloud9"
	   name="[COLORgold]Cloud 9[/COLOR]"
	   version="1.1.1"
	   provider-name="Trigger">
    <requires>
	    <import addon="script.module.resolveurl" />
    </requires>
  <extension point="xbmc.python.pluginsource"
            library="default.py">
        <provides>video</provides>
  </extension>
  <extension point="xbmc.addon.metadata">
    <summary lang="en">Third Party Addon</summary>
    <description lang="en">We Don't Host Any Of The Streams - They Are All Available On The Internet - Compatible With Matrix</description>
    <platform>all</platform>
	<assets>
            <icon>icon.png</icon>
            <fanart>fanart.jpg</fanart>
    </assets>
  </extension>
</addon>